product_id,product_name,category,price
1,Persevering leadingedge circuit,Electronics,752.42
2,Secured directional complexity,Food,190.16
3,Vision-oriented fresh-thinking firmware,Home & Kitchen,104.06
4,Adaptive even-keeled contingency,Electronics,938.41
5,Persevering value-added firmware,Toys,465.04
6,Innovative didactic attitude,Sports,703.36
7,Assimilated scalable paradigm,Toys,680.72
8,Secured upward-trending Internet solution,Beauty,91.57
9,De-engineered impactful help-desk,Electronics,756.0
10,Balanced fault-tolerant structure,Beauty,963.55
11,Customer-focused radical protocol,Food,791.44
12,Switchable maximized methodology,Beauty,602.1
13,Pre-emptive composite pricing structure,Beauty,242.46
14,Pre-emptive uniform success,Beauty,918.03
15,Proactive discrete artificial intelligence,Beauty,804.9
16,Advanced 3rdgeneration toolset,Electronics,242.53
17,Re-engineered analyzing projection,Home & Kitchen,390.87
18,Advanced actuating hierarchy,Beauty,214.36
19,Right-sized incremental monitoring,Food,388.66
20,Function-based human-resource initiative,Clothing,423.24
21,Polarized impactful infrastructure,Food,649.16
22,Fully-configurable 3rdgeneration utilization,Home & Kitchen,340.63
23,Seamless user-facing application,Clothing,164.28
24,De-engineered encompassing structure,Electronics,169.29
25,Persevering 5thgeneration approach,Toys,570.14
26,Multi-layered fault-tolerant intranet,Electronics,592.24
27,Public-key content-based capability,Books,685.15
28,Vision-oriented contextually-based concept,Electronics,415.26
29,Business-focused empowering workforce,Beauty,630.17
30,User-centric motivating definition,Clothing,749.54
31,Universal multi-state benchmark,Books,846.81
32,Universal asymmetric hub,Food,473.09
33,Devolved zero-defect algorithm,Beauty,725.32
34,Reactive encompassing projection,Toys,602.5
35,Optimized dedicated complexity,Sports,325.42
36,Compatible dedicated forecast,Electronics,783.22
37,Customizable impactful concept,Clothing,942.88
38,Advanced 3rdgeneration success,Food,816.08
39,Synergistic multi-tasking middleware,Books,841.93
40,Cross-group client-driven knowledgebase,Beauty,731.98
41,Synergistic tangible pricing structure,Sports,807.52
42,Re-engineered local emulation,Electronics,540.3
43,Extended composite success,Toys,815.07
44,Total methodical archive,Sports,694.99
45,Intuitive 6thgeneration system engine,Beauty,882.03
46,Networked object-oriented infrastructure,Toys,496.68
47,Synchronized multi-tasking throughput,Books,480.45
48,Monitored contextually-based orchestration,Electronics,402.71
49,Adaptive logistical strategy,Toys,53.08
50,Progressive disintermediate matrix,Sports,373.76
